<?xml version="1.0" encoding="utf-8"?>
<resources>
    <color name="primary">#5B5CFC</color>
    <color name="primary_dark">#1E1B45</color>
    <color name="primary_light">#B9B0FF</color>
    <color name="primary_text">#34283E</color>
    <color name="input_text">#9B9B9B</color>
    <color name="main_background">#E5E5E5</color>
    <color name="red">#B00020</color>
    <color name="white">#FFFFFFFF</color>
    <color name="green">#008000</color>
    <color name="gray">#9B9B9B</color>
    <color name="yellow">#E7B944</color>
    <color name="yellow_transparent">#A0E7B944</color>
    <color name="black">#000000</color>

</resources>